{
  "version": "2020.1",
  "applications": [],
  "platforms": [
    {
      "name": "HW_Base_Booster"
    }
  ],
  "systems": [
    {
      "name": "SW_Base_Booster_system",
      "platform": "C:/Users/fuent/Desktop/Intento_avance/Audioimplementado/Sep-repository-2-main/HW_Base_Booster_2025/HW_Base_Booster/export/HW_Base_Booster/HW_Base_Booster.xpfm",
      "sysConfig": "HW_Base_Booster",
      "applications": [
        {
          "name": "SW_Base_Booster",
          "platform": "C:/Users/fuent/Desktop/Sep-repository-2-main/Sep-repository-2-main/HW_Base_Booster_2025/HW_Base_Booster/export/HW_Base_Booster/HW_Base_Booster.xpfm",
          "platformPath": "C:\\Users\\fuent\\Desktop\\Intento_avance\\Audioimplementado\\Sep-repository-2-main\\HW_Base_Booster_2025\\HW_Base_Booster\\export\\HW_Base_Booster",
          "sysConfig": "HW_Base_Booster",
          "domain": "standalone_domain",
          "system": "SW_Base_Booster_system"
        }
      ],
      "platformPath": "C:\\Users\\fuent\\Desktop\\Intento_avance\\Audioimplementado\\Sep-repository-2-main\\HW_Base_Booster_2025\\HW_Base_Booster\\export\\HW_Base_Booster"
    }
  ],
  "others": []
}